{"cameraMode":{"drawMode":1,"name":"Wireframe","section":"Shading Mode"},"sceneLighting":true,"audioPlay":false,"sceneViewState":{"m_AlwaysRefresh":false,"showFog":true,"showSkybox":true,"showFlares":true,"showImageEffects":true,"showParticleSystems":true,"showVisualEffectGraphs":true,"m_FxEnabled":true},"in2DMode":false,"pivot":{"x":-0.807025134563446,"y":0.46659228205680849,"z":-0.7585729360580444},"rotation":{"x":0.019493425264954568,"y":-0.023992709815502168,"z":0.0004730104992631823,"w":0.9995366930961609},"size":3.6809988021850588,"orthographic":false}